{"loss": [0.09148890525102615, 0.08301743865013123, 0.08105180412530899, 0.08414356410503387, 0.08159250766038895, 0.08177085220813751, 0.08451960235834122, 0.08195413649082184, 0.08211302757263184, 0.08109186589717865, 0.08010271191596985, 0.08207471668720245, 0.07863028347492218, 0.0854051262140274, 0.07671894133090973, 0.08673705160617828, 0.08247476071119308, 0.08115599304437637, 0.08332681655883789, 0.08333150297403336, 0.07828088104724884, 0.07690970599651337, 0.08017142117023468, 0.07638736814260483, 0.07939556241035461, 0.07659223675727844, 0.07980339974164963, 0.07923716306686401, 0.08053646981716156, 0.07971516251564026, 0.0843164473772049, 0.0764857679605484, 0.08545775711536407, 0.0817246213555336, 0.07952961325645447, 0.08328960835933685, 0.07690174132585526, 0.08047902584075928, 0.07835783809423447, 0.0785384252667427], "val_loss": [0.09103657305240631, 0.08613042533397675, 0.09029264003038406, 0.08612038195133209, 0.08639062941074371, 0.08221635967493057, 0.08463527262210846, 0.0866924598813057, 0.07480482757091522, 0.08147060871124268, 0.08155695348978043, 0.08177278190851212, 0.08433575928211212, 0.08212680369615555, 0.08219576627016068, 0.07894259691238403, 0.08288837969303131, 0.07750619947910309, 0.08139649778604507, 0.08124838024377823, 0.08395764976739883, 0.08579279482364655, 0.07949106395244598, 0.07578453421592712, 0.083745576441288, 0.07675263285636902, 0.0844268798828125, 0.0783393606543541, 0.0822734460234642, 0.07930102944374084, 0.0816265195608139, 0.08198074251413345, 0.08234783262014389, 0.07751395553350449, 0.07986190915107727, 0.07519254833459854, 0.07570935040712357, 0.07866711914539337, 0.07801755517721176, 0.08033633232116699]}