{"loss": [12.430377006530762, 13.528836250305176, 14.41264533996582, 10.065377235412598, 12.234529495239258, 9.142460823059082, 9.40173625946045, 9.330740928649902, 8.68362808227539, 6.071529388427734, 8.774374961853027, 6.808985710144043, 4.336498737335205, 6.408644676208496, 5.81809139251709, 4.802493095397949, 5.923072338104248, 5.89808464050293, 5.020360946655273, 6.724131107330322, 4.012788772583008, 5.196022987365723, 3.337567090988159, 3.758662700653076, 5.588133811950684, 5.324368476867676], "val_loss": [13.985071182250977, 16.351085662841797, 14.00537395477295, 15.239720344543457, 11.16399097442627, 8.911378860473633, 8.749232292175293, 9.830442428588867, 11.137727737426758, 9.155509948730469, 7.985558986663818, 9.078577041625977, 7.129071235656738, 6.550312042236328, 7.563076972961426, 7.433077335357666, 6.157284736633301, 10.372716903686523, 8.164074897766113, 5.538214206695557, 4.170804023742676, 5.122400283813477, 7.099289894104004, 5.456882953643799, 7.884191989898682, 4.980618000030518]}