{"loss": [0.08777019381523132, 0.084086112678051, 0.08686292171478271, 0.08587216585874557, 0.08447260409593582, 0.08473434299230576, 0.07847142964601517, 0.08267898857593536, 0.07929513603448868, 0.0801512598991394, 0.08064739406108856, 0.0842752531170845, 0.0847323015332222, 0.08245217800140381, 0.08374287933111191, 0.07952293008565903, 0.07822197675704956, 0.08220988512039185, 0.07503119856119156, 0.07789163291454315, 0.08346674591302872, 0.08200442790985107, 0.07877448201179504, 0.08070777356624603, 0.0795166864991188, 0.08091439306735992, 0.07956322282552719, 0.07596639543771744, 0.07560364156961441, 0.08005852997303009, 0.07887814939022064, 0.08053353428840637, 0.08171804994344711, 0.08032049983739853, 0.08056605607271194, 0.07531555742025375, 0.07590154558420181, 0.0746745616197586, 0.07699525356292725, 0.08063378185033798], "val_loss": [0.09088123589754105, 0.09096063673496246, 0.08851126581430435, 0.08834640681743622, 0.08792545646429062, 0.07787752151489258, 0.08591513335704803, 0.08183952420949936, 0.08992389589548111, 0.08505378663539886, 0.08093257993459702, 0.08128731697797775, 0.08191360533237457, 0.08299550414085388, 0.07888233661651611, 0.08333960920572281, 0.07862143218517303, 0.0845489352941513, 0.08304376900196075, 0.0791037306189537, 0.08154233545064926, 0.08559594303369522, 0.07784327864646912, 0.07735557854175568, 0.07642271369695663, 0.07841699570417404, 0.07694129645824432, 0.07883456349372864, 0.07921501249074936, 0.07808788120746613, 0.07891079038381577, 0.07709014415740967, 0.0794062614440918, 0.08099399507045746, 0.07832205295562744, 0.0725640207529068, 0.0827927440404892, 0.0784687027335167, 0.07839243113994598, 0.08302847295999527]}