{"loss": [13.454626083374023, 10.998629570007324, 10.51789665222168, 8.634084701538086, 7.696441650390625, 5.775165557861328, 5.688398361206055, 5.735131740570068, 5.6512298583984375, 4.9760308265686035, 5.5264739990234375, 4.467718124389648, 4.401162624359131, 4.287691593170166, 4.091322422027588, 4.164585113525391, 4.310983180999756, 3.161637544631958, 3.7810275554656982, 3.815014362335205, 3.5558762550354004, 3.043210029602051, 3.201214075088501], "val_loss": [8.926746368408203, 8.530346870422363, 8.903566360473633, 8.455032348632812, 7.738641738891602, 7.79043436050415, 6.786153793334961, 6.504867076873779, 4.985668182373047, 5.598365306854248, 5.597922325134277, 4.97778844833374, 5.467055797576904, 4.191708564758301, 4.130204677581787, 4.5679497718811035, 4.083432197570801, 3.7028908729553223, 4.310883045196533, 4.333837032318115, 4.290456295013428, 3.7792608737945557, 3.916754722595215]}